City_ID,City,Lat,Lng,Max Temp (F),Humidity,Cloudiness,Wind Speed,Country,Date
0,yellowknife,62.456,-114.3525,10.42,98,96,3.62,CA,1706476091
1,grytviken,-54.2811,-36.5092,43.11,80,16,17.65,GS,1706476091
2,port-aux-francais,-49.35,70.2167,41.02,68,87,29.97,TF,1706475534
3,walvis bay,-22.9575,14.5053,67.08,79,100,7.58,NA,1706475674
4,longyearbyen,78.2186,15.6401,13.84,79,0,6.91,SJ,1706476092
5,vilhena,-12.7406,-60.1458,80.82,69,75,9.22,BR,1706475809
6,edinburgh of the seven seas,-37.0676,-12.3116,60.44,73,52,12.73,SH,1706476092
7,qaqortoq,60.7167,-46.0333,-9.63,64,16,10.54,GL,1706476093
8,labytnangi,66.6572,66.4183,-6.0,99,100,4.05,RU,1706476093
9,bolobo,-2.1667,16.2333,80.15,54,100,3.27,CD,1706476093
10,flying fish cove,-10.4217,105.6791,80.28,89,75,3.44,CX,1706475700
11,quepos,9.4236,-84.1652,85.1,74,94,4.83,CR,1706476094
12,tazovsky,67.4667,78.7,0.25,97,100,9.35,RU,1706476094
13,galesong,-5.3166,119.3661,75.22,84,88,5.66,ID,1706476095
14,lakeview,42.432,-75.8655,33.94,97,100,3.0,US,1706476095
15,ebon,4.582,168.6964,81.23,70,100,12.8,MH,1706476095
16,ribeira grande,38.5167,-28.7,59.4,63,75,13.8,PT,1706476096
17,'ain el hadjar,34.7585,0.1453,56.62,19,86,8.41,DZ,1706476096
18,itoman,26.1247,127.6694,57.97,64,0,4.61,JP,1706476096
19,invercargill,-46.4,168.35,60.03,91,6,5.01,NZ,1706476097
20,punta arenas,-53.15,-70.9167,62.71,48,75,18.41,CL,1706476097
21,coutras,45.0333,-0.1333,50.68,84,80,10.56,FR,1706476097
22,geraldton,-28.7667,114.6,64.81,82,2,12.66,AU,1706475910
23,ushuaia,-54.8,-68.3,60.46,41,20,12.66,AR,1706476098
24,college,64.8569,-147.8028,-31.11,70,75,0.0,US,1706475601
25,pembroke,45.8168,-77.1162,36.18,73,100,3.31,CA,1706476099
26,hawaiian paradise park,19.5933,-154.9731,83.71,66,0,5.75,US,1706475957
27,petropavlovsk-kamchatsky,53.0452,158.6483,14.45,87,20,8.95,RU,1706476100
28,mutuali,-14.8706,37.0044,71.58,79,55,2.53,MZ,1706476100
29,kingston,17.997,-76.7936,81.21,77,75,19.57,JM,1706475816
30,tiksi,71.6872,128.8694,-8.73,80,97,11.81,RU,1706476100
31,puerto ayora,-0.7393,-90.3518,87.76,72,100,9.15,EC,1706476101
32,iqaluit,63.7506,-68.5145,-34.31,59,100,15.99,CA,1706476101
33,san patricio,28.017,-97.5169,69.75,36,0,8.12,US,1706476101
34,tam ky,15.5667,108.4833,67.96,92,100,1.41,VN,1706475891
35,kalengwa,-13.4659,25.0027,67.28,77,100,3.38,ZM,1706476102
36,bethel,41.3712,-73.414,37.76,86,100,8.05,US,1706475954
37,bozova,37.3625,38.5267,34.72,71,27,5.08,TR,1706476102
38,olonkinbyen,70.9221,-8.7187,24.57,77,100,18.01,SJ,1706476102
39,waitangi,-43.9535,-176.5597,64.81,98,100,10.0,NZ,1706476103
40,strathmore,51.0501,-113.3852,40.57,99,100,6.44,CA,1706476103
41,casablanca,33.5928,-7.6192,62.33,77,38,4.0,MA,1706475940
42,vadso,70.0744,29.7487,33.96,75,75,12.66,NO,1706476104
43,chehalis,46.662,-122.964,60.91,97,100,4.61,US,1706476104
44,puerto natales,-51.7236,-72.4875,63.05,45,40,23.02,CL,1706476104
45,buka,40.8108,69.1986,46.85,75,100,1.5,UZ,1706476104
46,sao vicente,-23.9631,-46.3919,84.38,47,72,1.99,BR,1706476105
47,badger,64.8,-147.5333,-31.13,67,75,0.0,US,1706476105
48,saipan,15.1355,145.701,74.1,73,75,10.36,MP,1706476105
49,yuzhno-kurilsk,44.0306,145.8556,32.38,93,78,12.17,RU,1706476105
50,fort bragg,35.139,-79.006,59.83,56,100,19.57,US,1706476106
51,i-n-salah,27.1935,2.4607,65.59,18,0,15.39,DZ,1706476106
52,an nuhud,12.7,28.4333,63.0,21,53,12.33,SD,1706476106
53,salalah,17.0151,54.0924,77.09,83,40,3.44,OM,1706476106
54,blackmans bay,-43.0167,147.3167,65.52,69,1,1.99,AU,1706476107
55,port macquarie,-31.4333,152.9167,71.89,81,92,6.6,AU,1706475830
56,hermanus,-34.4187,19.2345,64.8,83,87,5.86,ZA,1706476107
57,antofagasta,-23.65,-70.4,72.21,72,11,9.55,CL,1706476107
58,antonio enes,-16.2325,39.9086,78.03,76,15,3.62,MZ,1706476108
59,bilibino,68.0546,166.4372,-21.51,99,100,2.71,RU,1706476108
60,fale old settlement,-9.3852,-171.2468,84.65,71,47,5.66,TK,1706476108
61,mooirivier,-29.2082,29.9946,60.82,95,98,4.59,ZA,1706476108
62,gobabis,-22.45,18.9667,76.48,47,64,5.91,NA,1706476109
63,thompson,55.7435,-97.8558,14.16,85,100,6.91,CA,1706476017
64,nuku'alofa,-21.1333,-175.2,80.94,78,20,3.44,TO,1706476109
65,bodden town,19.2833,-81.25,82.98,83,40,6.91,KY,1706476110
66,adamstown,-25.066,-130.1015,75.63,78,100,11.48,PN,1706475534
67,tekkekoy,41.2117,36.46,42.55,70,75,11.5,TR,1706476110
68,dryden,49.7833,-92.7503,30.49,93,40,8.05,CA,1706475669
69,kiunga,-6.1219,141.2906,73.47,89,83,2.06,PG,1706476110
70,gyumri,40.7942,43.8453,6.42,78,89,2.3,AM,1706476111
71,utrik,11.2278,169.8474,77.88,66,100,11.7,MH,1706476111
72,tupiza,-21.45,-65.7167,58.64,78,98,6.13,BO,1706476111
73,ilulissat,69.2167,-51.1,-11.18,53,100,18.41,GL,1706476111
74,ust-nera,64.5667,143.2,-40.5,100,81,6.53,RU,1706476112
75,salinas,36.6777,-121.6555,78.64,50,0,4.61,US,1706476112
76,port elizabeth,-33.918,25.5701,71.31,77,94,1.01,ZA,1706476112
77,el calafate,-50.3408,-72.2768,61.23,56,98,11.92,AR,1706476113
78,anadyr,64.75,177.4833,-25.01,74,0,6.71,RU,1706475534
79,isafjordur,66.0755,-23.124,24.13,89,100,6.69,IS,1706476113
80,katabu,-4.9333,122.5167,76.24,95,100,2.48,ID,1706476113
81,nova vicosa,-17.8919,-39.3719,76.64,92,100,12.33,BR,1706475924
82,lebu,-37.6167,-73.65,61.77,72,0,16.24,CL,1706476114
83,kerman,30.2832,57.0788,50.18,36,0,1.83,IR,1706476114
84,nar'yan-mar,67.6713,53.087,21.11,94,100,15.01,RU,1706476114
85,newman,37.3138,-121.0208,66.02,75,88,1.01,US,1706476115
86,ancud,-41.8697,-73.8203,61.41,59,3,11.72,CL,1706476115
87,semdinli,37.3051,44.5742,19.44,97,91,1.83,TR,1706476115
88,tabou,4.423,-7.3528,80.65,83,3,6.87,CI,1706476115
89,arraial do cabo,-22.9661,-42.0278,82.36,89,75,6.91,BR,1706475651
90,papatowai,-46.5619,169.4708,61.54,63,7,3.31,NZ,1706476116
91,port lincoln,-34.7333,135.8667,64.06,83,0,7.78,AU,1706476116
92,west island,-12.1568,96.8225,78.78,73,40,10.36,CC,1706476117
93,mount isa,-20.7333,139.5,78.57,89,100,4.61,AU,1706476117
94,tahe,52.3333,124.7333,-11.27,89,100,7.16,CN,1706476117
95,bonthe,7.5264,-12.505,79.72,78,12,8.01,SL,1706475676
96,novyy urengoy,66.0833,76.6333,-0.35,98,100,8.9,RU,1706476117
97,alice springs,-23.7,133.8833,69.35,56,4,0.0,AU,1706476118
98,udachny,66.4167,112.4,-23.87,84,90,4.23,RU,1706476118
99,hillsboro,45.5229,-122.9898,66.81,84,100,4.61,US,1706475827
100,jamestown,42.097,-79.2353,37.02,100,100,9.22,US,1706476088
101,nemuro,43.3236,145.575,32.54,81,99,14.56,JP,1706476119
102,bredasdorp,-34.5322,20.0403,68.07,77,100,2.24,ZA,1706476119
103,lodwar,3.1191,35.5973,87.8,37,85,8.03,KE,1706476119
104,wailua homesteads,22.0669,-159.378,80.74,77,100,10.36,US,1706476119
105,turpan,42.9333,89.1667,24.01,52,44,1.41,CN,1706475665
106,mount pearl,47.5166,-52.7813,31.14,85,98,5.01,CA,1706476120
107,atafu village,-8.5421,-172.5159,84.65,74,72,6.35,TK,1706476120
108,shindand,33.3029,62.1474,48.97,52,0,3.96,AF,1706476121
109,cidreira,-30.1811,-50.2056,74.35,78,93,7.45,BR,1706476118
110,albany,42.6001,-73.9662,35.37,84,100,1.01,US,1706476121
111,okhotsk,59.3833,143.3,-11.36,73,91,13.18,RU,1706476121
112,belidzhi,41.8918,48.4125,37.49,81,100,10.45,RU,1706476122
113,margaret river,-33.95,115.0667,52.25,86,81,7.07,AU,1706476122
114,ternate,0.8,127.4,79.29,85,67,7.7,ID,1706476122
115,palmer,42.1584,-72.3287,35.85,86,100,8.05,US,1706476122
116,urbano santos,-3.2078,-43.4036,78.75,87,68,2.08,BR,1706476123
117,vila velha,-20.3297,-40.2925,78.94,96,100,9.22,BR,1706476038
118,huarmey,-10.0681,-78.1522,79.23,73,86,10.16,PE,1706476123
119,polyarnyy,69.1989,33.4478,29.35,82,100,20.6,RU,1706476123
120,fort mcmurray,56.7268,-111.381,44.08,81,69,10.6,CA,1706476124
121,valdivia,-39.8142,-73.2459,74.57,33,0,5.32,CL,1706476124
122,waddan,29.1614,16.139,55.04,59,32,11.77,LY,1706476124
123,bouna,9.2667,-3.0,78.51,17,0,4.88,CI,1706476124
124,nyurba,63.2842,118.3319,-48.73,100,82,3.09,RU,1706476125
125,hithadhoo,-0.6,73.0833,82.96,69,73,11.81,MV,1706476125
126,constantia,44.1833,28.65,36.7,81,100,19.15,RO,1706475675
127,ixtapa,20.7,-105.2,79.83,69,40,11.5,MX,1706476125
128,sola,-13.8833,167.55,82.0,76,100,15.12,VU,1706476126
129,kodiak,57.79,-152.4072,15.31,62,75,13.8,US,1706476126
130,bonab,37.3404,46.0561,31.46,76,37,4.74,IR,1706476126
131,kinablangan,7.6947,126.5503,77.43,90,97,10.67,PH,1706476126
132,keflavik,64.0049,-22.5624,30.63,74,75,33.38,IS,1706475683
133,black point,-34.6187,137.8972,69.31,68,0,8.19,AU,1706476127
134,shohimardon,39.9839,71.8028,29.17,54,100,4.12,UZ,1706476127
135,forde,61.4522,5.8572,56.14,66,75,13.8,NO,1706476127
136,majalgaon,19.15,76.2333,71.56,33,73,7.56,IN,1706476127
137,torrington,41.8007,-73.1212,35.85,96,100,5.01,US,1706476128
138,turan,16.0678,108.2208,67.98,77,75,9.22,VN,1706475931
139,suntar,62.1444,117.6319,-48.3,100,80,2.13,RU,1706476128
140,qamdo,31.1667,97.2333,8.56,42,26,4.41,CN,1706476128
141,hilo,19.7297,-155.09,83.28,65,0,4.0,US,1706475697
142,susuman,62.7833,148.1667,-40.02,99,69,1.01,RU,1706475676
143,fontanelas,38.8472,-9.4372,60.15,90,0,5.75,PT,1706476129
144,bikenibeu village,1.3673,173.1241,80.56,89,100,5.75,KI,1706475696
145,zarghun shahr,32.8473,68.4457,39.09,90,72,11.68,AF,1706476130
146,holualoa,19.6228,-155.9522,79.77,70,20,18.41,US,1706476130
147,golden beach,38.4898,-76.6822,46.0,97,100,1.99,US,1706476130
148,alghero,40.5589,8.3181,42.89,100,90,3.44,IT,1706476130
149,parkes,-33.1333,148.1833,71.44,65,0,8.12,AU,1706476131
150,viedma,-40.8135,-62.9967,92.46,20,98,24.02,AR,1706476131
151,guane,22.2025,-84.0875,82.42,61,18,12.28,CU,1706476131
152,saudarkrokur,65.7461,-19.6394,19.56,88,55,13.42,IS,1706476131
153,papao,-17.75,-149.55,87.48,75,54,1.5,PF,1706476132
154,rundu,-17.9333,19.7667,76.86,48,67,5.5,NA,1706476132
155,nagqu,31.5,92.0,7.74,47,100,3.27,CN,1706476132
156,remire-montjoly,4.9167,-52.2667,84.24,70,75,8.05,GF,1706476132
157,isla mujeres,21.2311,-86.731,75.25,81,38,18.75,MX,1706476133
158,tegueste,28.5167,-16.3167,62.65,59,1,3.44,ES,1706476133
159,zhezqazghan,47.7833,67.7667,5.25,92,96,10.69,KZ,1706476133
160,west valley,46.5921,-120.6051,45.46,92,100,3.44,US,1706476133
161,antsiranana,-12.2787,49.2917,77.45,84,35,8.19,MG,1706476102
162,ta`u,-14.2336,-169.5144,83.71,80,100,9.13,AS,1706476134
163,paracatu,-17.2222,-46.8747,79.56,72,98,3.94,BR,1706476034
164,mahina,-17.5065,-149.489,87.57,74,20,8.05,PF,1706476134
165,nuriootpa,-34.4833,139.0,70.92,40,0,1.12,AU,1706476135
166,wum,6.3833,10.0667,71.78,29,4,2.26,CM,1706476135
167,dakhla,23.6848,-15.958,67.32,64,0,9.15,EH,1706476135
168,georgetown,5.4112,100.3354,80.53,65,20,6.91,MY,1706476066
169,port saint john's,-31.6229,29.5448,76.19,89,70,6.76,ZA,1706476136
170,laguna,38.421,-121.4238,73.31,69,0,4.61,US,1706476136
171,reggane,26.7158,0.1714,67.59,16,6,10.94,DZ,1706476136
172,ixtlan del rio,21.0333,-104.3667,90.34,13,4,1.9,MX,1706476136
173,lata,40.1629,-8.3327,60.82,77,100,4.79,PT,1706476137
174,codrington,-38.2667,141.9667,60.76,82,1,4.74,AU,1706475682
175,bhum,18.4667,75.6667,70.9,42,85,5.75,IN,1706476137
176,la passe,45.5549,-0.8967,53.83,85,56,16.02,FR,1706476137
177,broome,42.2506,-75.833,35.2,97,100,4.41,US,1706475703
178,severnoye,56.3491,78.3619,13.98,97,100,3.0,RU,1706476138
179,altamira,-3.2033,-52.2064,80.78,78,100,3.11,BR,1706476138
180,zaozersk,69.4005,32.4476,28.63,84,100,15.75,RU,1706476138
181,talnakh,69.4865,88.3972,10.94,94,100,13.33,RU,1706476138
182,bamyan,34.75,67.25,20.44,94,26,8.59,AF,1706476139
183,aasiaat,68.7098,-52.8699,-21.37,97,100,6.55,GL,1706476139
184,ingeniero guillermo n. juarez,-23.9,-61.85,99.7,18,0,2.68,AR,1706476139
185,kudahuvadhoo,2.6708,72.8944,81.91,74,49,13.6,MV,1706476139
186,takoradi,4.8845,-1.7554,80.1,78,7,7.9,GH,1706476140
187,tevriz,57.509,72.4042,-2.9,99,100,2.86,RU,1706476140
188,sinabang,2.4803,96.3801,79.25,83,80,2.1,ID,1706476140
189,belmonte,-15.8631,-38.8828,78.24,86,100,7.09,BR,1706476140
190,balikpapan,-1.2675,116.8289,74.07,92,63,5.75,ID,1706476141
191,alpena,45.0617,-83.4327,36.1,88,100,12.66,US,1706475907
192,westport,41.1415,-73.3579,39.56,93,100,12.66,US,1706476141
193,sao jose,-28.2333,-49.1667,73.44,96,89,1.43,BR,1706476141
194,port mathurin,-19.6833,63.4167,82.2,80,69,14.97,MU,1706476142
195,verkhniy ufaley,56.0567,60.2306,1.76,100,98,4.36,RU,1706476142
196,vilyuysk,63.7553,121.6247,-40.0,99,97,4.0,RU,1706476142
197,sarangani,5.4033,125.4636,81.43,75,100,5.19,PH,1706476142
198,saint-mandrier-sur-mer,43.078,5.929,53.53,74,0,4.61,FR,1706476143
199,rehoboth,-23.3167,17.0833,76.62,44,98,15.73,NA,1706476143
200,paris,48.8534,2.3488,45.37,90,0,5.75,FR,1706475932
201,petropavl,54.8753,69.1628,3.02,99,98,3.0,KZ,1706476143
202,bangassou,4.7413,22.8184,73.42,37,83,0.38,CF,1706476144
203,tura,25.5198,90.2201,54.01,64,93,3.0,IN,1706476144
204,lazaro cardenas,17.9583,-102.2,84.65,54,73,10.42,MX,1706475945
205,saurimo,-9.6608,20.3916,67.53,97,100,4.25,AO,1706476144
206,dunedin,-45.8742,170.5036,64.8,70,7,5.99,NZ,1706476144
207,coquimbo,-29.9533,-71.3436,71.33,64,20,14.97,CL,1706475625
208,cooper's town,26.8667,-77.5167,75.13,82,0,19.53,BS,1706476145
209,saint-philippe,-21.3585,55.7679,76.59,89,70,8.59,RE,1706476145
210,queenstown,-31.8976,26.8753,68.97,71,39,2.77,ZA,1706475868
211,prado,-17.3411,-39.2208,76.71,92,100,11.7,BR,1706476146
212,es castell,39.8795,4.2854,57.88,77,100,9.22,ES,1706476146
213,portland,45.5234,-122.6762,67.35,87,100,5.01,US,1706475686
214,weno,7.4515,151.8468,81.5,75,91,17.18,FM,1706476147
215,kalmunai,7.4167,81.8167,77.59,86,97,12.73,LK,1706475688
216,livingstone,-17.8419,25.8543,70.66,66,1,2.42,ZM,1706476147
217,klyuchi,52.2667,79.1667,-2.11,98,84,5.23,RU,1706476147
218,roma,43.2128,-75.4557,35.96,96,100,4.61,US,1706475681
219,praia,14.9215,-23.5087,73.94,68,4,13.8,CV,1706476148
220,viana do castelo,41.6932,-8.8329,57.31,76,100,8.16,PT,1706476148
221,magadan,59.5667,150.8,-9.38,72,56,5.32,RU,1706476148
222,novoishimskiy,53.1981,66.7694,-7.96,100,84,4.07,KZ,1706476149
223,christchurch,-43.5333,172.6333,64.9,73,100,14.97,NZ,1706475453
224,vredendal,-31.6683,18.5012,63.05,78,35,2.53,ZA,1706476149
225,luanda,-8.8368,13.2343,82.4,84,75,6.91,AO,1706475915
226,kerikeri,-35.2268,173.9474,68.92,77,39,3.0,NZ,1706475922
227,borisoglebskiy,57.2586,39.1508,7.97,98,74,6.08,RU,1706476150
228,port alfred,-33.5906,26.891,66.18,89,82,9.98,ZA,1706476150
229,egilsstadir,65.2653,-14.3948,22.17,73,73,13.38,IS,1706476150
230,ketchikan,55.3422,-131.6461,53.58,66,100,16.11,US,1706476151
231,cockburn town,21.4612,-71.1419,80.56,61,40,10.36,TC,1706475679
232,fort st. john,56.2499,-120.8529,44.49,57,75,17.27,CA,1706475631
233,aripuana,-9.1667,-60.6333,74.57,98,100,3.6,BR,1706475675
234,sabang,5.8933,95.3214,81.95,77,21,15.01,ID,1706476152
235,stanley,54.868,-1.6985,52.29,86,20,19.57,GB,1706476152
236,barranca,-10.75,-77.7667,78.28,69,90,9.93,PE,1706476152
237,hanzhong,33.0728,107.0303,38.16,75,89,1.72,CN,1706476152
238,coahuayana de hidalgo,18.7,-103.6583,88.63,47,7,8.23,MX,1706476153
239,sao jose da coroa grande,-8.8978,-35.1478,80.69,80,100,6.69,BR,1706476153
240,pathein,16.7833,94.7333,67.95,72,2,4.72,MM,1706476153
241,aykhal,66.0,111.5,-14.24,54,77,6.64,RU,1706476153
242,malvan,16.0667,73.4667,73.56,73,66,7.2,IN,1706476154
243,santaluz,-11.2558,-39.3747,78.42,76,59,8.23,BR,1706476154
244,crane,31.3974,-102.3501,63.55,24,2,10.25,US,1706476154
245,happy valley-goose bay,53.3168,-60.3315,3.51,47,20,12.66,CA,1706475691
246,hasaki,35.7333,140.8333,36.28,51,2,19.6,JP,1706475658
247,port blair,11.6667,92.75,78.84,89,40,2.3,IN,1706476155
248,enewetak,11.3474,162.3373,79.72,70,100,17.96,MH,1706476155
249,san luis de la loma,17.2706,-100.8939,87.26,45,68,8.14,MX,1706475687
250,grudki,53.0949,23.6685,36.25,94,100,3.18,PL,1706476156
251,ilsenburg,51.8667,10.6833,40.23,55,15,6.22,DE,1706476156
252,kristiansund,63.1115,7.732,59.65,36,0,12.66,NO,1706476156
253,pokhara,28.2333,83.9833,48.78,42,1,5.44,NP,1706476157
254,namibe,-15.1961,12.1522,74.61,77,44,8.25,AO,1706476157
255,richards bay,-28.783,32.0377,74.73,80,100,9.35,ZA,1706476157
256,novyy urgal,51.0736,132.5642,2.88,98,100,0.36,RU,1706476157
257,kavaratti,10.5669,72.642,80.6,68,15,4.18,IN,1706476158
258,nahiyat ash shinafiyah,31.5874,44.6602,52.72,33,0,5.28,IQ,1706476158
259,uturoa,-16.7333,-151.4333,82.8,78,36,8.21,PF,1706476158
260,lompoc,34.6391,-120.4579,80.78,32,0,8.05,US,1706476159
261,mountain home,43.133,-115.6912,47.68,66,40,21.85,US,1706476159
262,terenozek,45.05,64.9833,21.31,76,100,19.13,KZ,1706476159
263,pali,25.7667,73.3333,59.79,39,96,4.14,IN,1706476160
264,llerena,38.2354,-6.0739,55.42,64,100,3.22,ES,1706476160
265,khanbari,27.3747,87.2039,47.37,64,43,2.71,NP,1706476160
266,kimberley,-28.7323,24.7623,76.89,46,100,11.3,ZA,1706476046
267,calvi,42.5,8.8333,39.83,76,13,4.61,FR,1706476161
268,anna regina,7.2644,-58.5077,81.0,70,23,7.45,GY,1706476161
269,rumonge,-3.9736,29.4386,73.15,84,100,2.15,BI,1706476161
270,hamilton,39.1834,-84.5333,39.97,93,100,19.57,US,1706476161
271,trinity beach,-16.7888,145.6968,84.06,90,100,4.61,AU,1706476162
272,ouadda,8.0777,22.4007,70.65,24,42,5.46,CF,1706476162
273,olyokminsk,60.3736,120.4264,-40.18,100,89,0.31,RU,1706476162
274,bodo,67.28,14.405,44.78,85,100,24.16,NO,1706476162
275,nogliki,51.8333,143.1667,0.36,98,95,6.33,RU,1706476163
276,tainan,22.9908,120.2133,61.88,71,75,4.61,TW,1706476163
277,horta,38.5333,-28.6333,58.64,68,75,13.8,PT,1706476163
278,sechura,-5.5569,-80.8222,83.26,62,96,15.95,PE,1706475973
279,borogontsy,62.6683,131.1683,-49.09,100,97,2.26,RU,1706476163
280,torghay,49.6339,63.4981,4.84,93,89,10.8,KZ,1706476164
281,nuuk,64.1835,-51.7216,-9.71,93,51,10.69,GL,1706476164
282,pariaman,-0.619,100.12,77.05,84,68,4.94,ID,1706476164
283,kattivakkam,13.2167,80.3167,77.09,74,6,9.82,IN,1706476165
284,palikir - national government center,6.9248,158.1611,81.34,69,75,6.91,FM,1706476165
285,smithers,54.7804,-127.1743,38.48,99,100,2.37,CA,1706476165
286,luban,51.1201,15.2877,36.88,63,7,5.44,PL,1706476165
287,calasparra,38.23,-1.6999,52.3,78,100,3.6,ES,1706476166
288,lihue,21.9789,-159.3672,81.36,75,100,10.36,US,1706476166
289,chaman,30.9236,66.4512,53.06,76,27,6.4,PK,1706476166
290,kalispell,48.1958,-114.3129,42.76,93,100,0.0,US,1706476166
291,chernyshevskiy,63.0128,112.4714,-39.64,100,40,0.02,RU,1706476167
292,mahriz,31.5917,54.4318,45.21,37,0,3.15,IR,1706476167
293,afaahiti,-17.75,-149.2833,85.87,75,45,2.21,PF,1706476167
294,maloye ganyushkino,46.6,49.2667,27.19,61,100,7.94,KZ,1706476167
295,changyon,38.2508,125.0961,25.03,74,32,2.71,KP,1706476168
296,yelizovo,53.1873,158.3805,15.8,79,20,8.95,RU,1706476168
297,labasa,-16.4167,179.3833,83.17,72,100,4.52,FJ,1706476168
298,cova figueira,14.8905,-24.2934,72.19,54,1,11.61,CV,1706476168
299,maragogi,-9.0122,-35.2225,80.33,81,100,6.38,BR,1706476169
300,mombetsu,44.3525,143.3525,22.14,96,84,4.63,JP,1706476169
301,kidal,18.4411,1.4078,67.33,14,0,11.41,ML,1706476169
302,port hedland,-20.3167,118.5667,80.65,74,40,10.36,AU,1706476170
303,kouango,4.9934,19.9619,80.58,27,50,1.95,CF,1706476170
304,polkowice,51.5039,16.0726,34.18,85,22,6.69,PL,1706476170
305,butterworth,5.3991,100.3638,80.64,65,20,6.91,MY,1706476170
306,mount sterling,38.0565,-83.9433,38.14,99,100,9.22,US,1706476171
307,ust'-barguzin,53.45,108.9833,-23.53,97,65,4.27,RU,1706476171
308,lagunas,-5.2269,-75.6753,93.85,42,99,5.82,PE,1706476171
309,manokwari,-0.8667,134.0833,78.75,81,95,3.83,ID,1706476171
310,blackwater,-23.5833,148.8833,81.07,87,100,9.69,AU,1706476172
311,sint michiel liber,12.15,-68.9833,79.59,79,0,17.31,CW,1706476172
312,gadzhiyevo,69.2551,33.3362,29.21,82,100,20.29,RU,1706476172
313,gwanda,-20.9333,29.0,72.19,57,0,4.61,ZW,1706476173
314,luderitz,-26.6481,15.1594,64.96,83,64,3.69,NA,1706476173
315,kabare,-2.4683,28.8242,63.34,95,100,2.13,CD,1706476173
316,luza,60.6308,47.2512,14.13,95,91,7.2,RU,1706476173
317,ballina,-28.8667,153.5667,80.78,93,100,11.18,AU,1706476173
318,kuta,-8.7233,115.1723,78.75,88,40,1.14,ID,1706476174
319,colon,9.3592,-79.9014,78.91,64,41,14.0,PA,1706476174
320,orangeburg,33.4918,-80.8557,58.96,60,21,15.01,US,1706476174
321,yukhnov,54.7444,35.2297,2.37,100,92,2.42,RU,1706476175
322,tosontsengel,48.7567,98.2839,-20.97,88,58,1.16,MN,1706476175
323,kone,-21.0595,164.8658,81.14,65,27,0.63,NC,1706476175
324,zag,46.9441,99.165,-17.18,74,62,4.03,MN,1706476175
325,mildura,-34.2,142.15,75.27,37,0,4.16,AU,1706476176
326,faridpur,23.6,89.8333,58.51,41,9,6.02,BD,1706476176
327,bilajer,40.5681,50.0378,40.82,75,40,11.5,AZ,1706476176
328,okeechobee,27.2439,-80.8298,73.99,69,75,13.8,US,1706476093
329,nabire,-3.3667,135.4833,77.68,83,100,3.18,ID,1706476177
330,maba,24.6841,113.5984,45.99,32,90,1.88,CN,1706475992
331,angaur state,6.906,134.13,82.38,81,100,14.63,PW,1706476177
332,tabuk,17.4189,121.4443,66.09,88,99,1.5,PH,1706476178
333,saint-joseph,-21.3667,55.6167,75.58,88,69,10.02,RE,1706475688
334,biloela,-24.4167,150.5,80.69,85,100,6.04,AU,1706476178
335,sinop,41.7711,34.8709,32.31,98,100,3.98,TR,1706476178
336,ouarzazat,30.9189,-6.8934,54.23,20,4,2.86,MA,1706476178
337,east london,-33.0153,27.9116,77.22,87,98,8.88,ZA,1706476179
338,aver-o-mar,41.4078,-8.7812,62.08,55,0,10.36,PT,1706476179
339,karlivka,49.4567,35.1295,29.62,96,100,8.75,UA,1706476179
340,najran,17.4924,44.1277,65.05,45,71,3.09,SA,1706476180
341,yarmouth,41.7057,-70.2286,41.05,95,100,18.41,US,1706475671
342,haiku-pauwela,20.9219,-156.3051,81.25,70,40,24.16,US,1706476180
343,rio grande,-32.035,-52.0986,80.71,76,27,13.04,BR,1706476180
344,san andres,12.5847,-81.7006,80.58,80,14,17.47,CO,1706476181
345,pisco,-13.7,-76.2167,84.25,58,0,16.11,PE,1706476181
346,pontianak,-0.0333,109.3333,76.98,100,100,3.44,ID,1706476181
347,avarua,-21.2078,-159.775,80.65,83,100,10.36,CK,1706476182
348,tsumeb,-19.2333,17.7167,82.22,35,83,13.13,NA,1706476182
349,alenquer,-1.9417,-54.7383,82.72,72,100,0.85,BR,1706476182
350,nago,26.5881,127.9761,58.05,61,13,8.3,JP,1706476182
351,chonchi,-42.6128,-73.8092,65.41,43,2,2.13,CL,1706476182
352,mariental,-24.6333,17.9667,89.6,25,98,3.51,NA,1706476183
353,shahba,32.8551,36.629,38.68,90,91,5.99,SY,1706476183
354,dabola,10.75,-11.1167,76.19,17,43,2.62,GN,1706476183
355,hammerfest,70.6634,23.6821,34.25,80,75,16.11,NO,1706476184
356,ciudad melchor muzquiz,27.8833,-101.5167,61.38,30,0,8.05,MX,1706476184
357,carnarvon,-24.8667,113.6333,72.61,71,0,17.78,AU,1706476184
358,bahia de kino,28.8333,-111.9333,80.53,46,48,3.76,MX,1706476184
359,'ali al gharbi,32.4633,46.6864,54.75,46,2,6.2,IQ,1706476185
360,nova sintra,14.8667,-24.7167,71.17,66,1,15.26,CV,1706476185
361,conduaga,8.862,117.4893,74.05,81,55,4.7,PH,1706476185
362,iquique,-20.2208,-70.1431,74.25,74,2,7.76,CL,1706476186
363,mujiayingzi,42.1167,118.7833,5.97,86,9,0.87,CN,1706476186
364,tsiombe,-25.3,45.4833,74.28,83,25,15.19,MG,1706476186
365,mccook,40.2019,-100.6257,57.25,46,0,13.8,US,1706476186
366,masterton,-40.9597,175.6575,68.88,62,56,8.19,NZ,1706476186
367,azogues,-2.7333,-78.8333,67.32,57,89,6.82,EC,1706476187
368,kapuskasing,49.4169,-82.4331,31.28,88,100,4.85,CA,1706476187
369,ortakoy,38.7373,34.0387,25.05,86,99,2.35,TR,1706476187
370,changchun,43.88,125.3228,0.52,97,26,3.62,CN,1706476187
371,bandarbeyla,9.4942,50.8122,77.38,86,89,10.29,SO,1706476061
372,vicente guerrero,19.1194,-98.1708,72.79,23,15,2.98,MX,1706476188
373,nampula,-15.1165,39.2666,69.35,97,51,2.37,MZ,1706476188
374,nizhniy odes,63.6445,54.856,11.86,97,100,6.69,RU,1706476188
375,flin flon,54.7682,-101.865,26.44,93,75,0.0,CA,1706475670
376,senj,44.9894,14.9058,47.16,66,0,8.39,HR,1706476189
377,obubra,6.0752,8.329,81.61,24,4,1.41,NG,1706476189
378,kitakata,37.65,139.8667,30.7,96,86,2.3,JP,1706476189
379,wenchang,30.904,118.4887,39.15,63,88,3.18,CN,1706476190
380,taroa,8.7058,171.2275,78.85,81,100,15.3,MH,1706476190
381,songea,-10.6833,35.65,65.62,97,100,1.3,TZ,1706476190
382,umba,66.6871,34.3429,28.87,92,100,9.93,RU,1706476191
383,tiquipaya,-17.3382,-66.2189,65.97,67,51,7.34,BO,1706476191
384,plastun,44.7561,136.2939,12.25,85,100,5.28,RU,1706476191
385,emerald,-23.5333,148.1667,81.34,98,100,11.79,AU,1706476191
386,priozersk,61.0393,30.1291,35.94,86,100,14.81,RU,1706476192
387,dartmouth,44.6713,-63.5772,33.26,91,100,1.01,CA,1706476085
388,st. john's,47.5649,-52.7093,31.96,84,98,8.01,CA,1706476047
389,minas de marcona,-15.2119,-75.1103,73.89,60,9,14.18,PE,1706476192
390,skovorodino,53.9833,123.9167,-13.31,93,100,6.04,RU,1706476193
391,fisterra,42.9049,-9.2629,63.75,71,100,25.37,ES,1706476193
392,pitanga,-24.7572,-51.7614,63.07,90,83,2.33,BR,1706476193
393,nizhnevartovsk,60.9344,76.5531,1.42,85,0,2.24,RU,1706476163
394,catbalogan,11.85,124.9167,72.52,77,84,10.54,PH,1706476194
395,quatre cocos,-20.2078,57.7625,79.09,85,32,5.41,MU,1706476194
396,emmett,43.8735,-116.4993,48.83,100,100,3.6,US,1706476194
397,balykshi,47.0667,51.8667,14.0,73,0,13.42,KZ,1706476191
398,murghob,38.1702,73.9667,8.58,84,100,5.37,TJ,1706476195
399,maceio,-9.6658,-35.7353,81.84,89,40,11.5,BR,1706476195
400,yung shue wan,22.2333,114.1167,58.62,83,100,8.3,HK,1706476195
401,atbara,17.7022,33.9864,65.64,23,100,11.74,SD,1706475941
402,whitehorse,60.7161,-135.0538,35.31,74,100,15.99,CA,1706476196
403,vernon,50.2581,-119.2691,45.61,97,100,2.01,CA,1706476196
404,general conesa,-40.1,-64.4333,99.57,13,41,20.65,AR,1706476196
405,labrador city,52.9463,-66.9114,-6.77,90,100,6.35,CA,1706476197
406,puerto baquerizo moreno,-0.9,-89.6,83.39,84,75,11.5,EC,1706475411
407,casino,-28.8667,153.05,80.56,99,100,3.89,AU,1706476113
408,beipiao,41.7919,120.7792,12.87,59,2,7.63,CN,1706476197
409,colonia,50.9333,6.95,48.81,52,0,11.5,DE,1706476198
410,general pico,-35.6566,-63.7568,96.78,13,7,15.12,AR,1706476198
411,tukrah,32.5341,20.5791,55.9,59,15,14.0,LY,1706476198
412,lianzhou,24.7811,112.3825,45.79,93,99,2.19,CN,1706476198
413,tofol,5.3248,163.0078,82.0,68,100,16.69,FM,1706476199
414,as sulayyil,20.4607,45.5779,66.45,44,83,12.06,SA,1706476199
415,homer,59.6425,-151.5483,12.07,59,0,6.91,US,1706476177
416,axim,4.8699,-2.2405,79.99,78,27,8.14,GH,1706476199
417,santa cruz del sur,20.7147,-77.9956,80.94,62,1,11.45,CU,1706476200
418,mil'kovo,55.6078,37.7956,25.2,100,86,4.36,RU,1706475698
419,floresti,47.8933,28.3014,31.8,83,100,8.68,MD,1706476200
420,taseyevo,57.2169,94.8978,-0.65,84,37,8.99,RU,1706476201
421,rakops,-21.0167,24.3333,82.04,40,31,4.72,BW,1706476201
422,bhadasar,28.2833,74.3167,55.9,51,90,5.66,IN,1706476201
423,dalton,34.7698,-84.9702,47.88,74,100,6.91,US,1706476201
424,dourbali,11.8091,15.8632,69.96,16,8,9.57,TD,1706476202
425,daru,-9.0763,143.2092,78.24,85,93,8.86,PG,1706476202
426,sortavala,61.7053,30.6918,29.01,93,100,7.0,RU,1706476202
427,teknaf,20.8624,92.3058,59.54,58,5,7.2,BD,1706476203
428,tari,12.4086,4.4914,73.63,14,0,10.4,NG,1706476203
429,choyr,46.3611,108.3611,-12.26,100,97,2.26,MN,1706476203
430,bankim,6.083,11.4905,74.57,29,5,2.46,CM,1706476204
431,makarov,48.6333,142.8,15.85,97,99,1.92,RU,1706476204
432,shpola,49.0069,31.3947,30.72,89,100,11.07,UA,1706476204
433,alaghsas,17.0187,8.0168,66.81,18,0,16.64,NE,1706476204
434,sakata,38.9167,139.855,38.32,89,95,4.27,JP,1706476205
435,kerema,-7.9631,145.7785,81.32,72,100,1.74,PG,1706476205
436,prince george,53.9166,-122.753,45.28,82,100,4.0,CA,1706476205
437,khilok,51.3674,110.4676,-14.35,99,97,1.39,RU,1706476206
438,sandnessjoen,66.0217,12.6316,53.71,40,20,25.32,NO,1706476206
439,northam,51.0333,-4.2167,55.65,93,100,13.31,GB,1706475702
440,tan-tan,28.438,-11.1032,68.58,23,0,4.32,MA,1706476016
441,stara vyzhivka,51.4376,24.44,32.54,86,90,3.89,UA,1706476207
442,el bordo,2.117,-76.9821,84.34,58,97,2.64,CO,1706476207
443,prince rupert,54.3161,-130.3201,46.33,85,100,10.63,CA,1706476207
444,tinogasta,-28.0632,-67.5649,86.45,35,69,4.29,AR,1706476208
445,nizao,18.25,-70.2,86.07,65,9,12.62,DO,1706476208
446,tadine,-21.55,167.8833,78.01,66,40,2.39,NC,1706476208
447,sao joao da barra,-21.6403,-41.0511,78.89,87,100,8.57,BR,1706476208
448,menongue,-14.6585,17.691,67.35,46,8,4.36,AO,1706476209
449,saacow,1.6279,42.4407,80.24,73,95,15.43,SO,1706476209
450,guiyang,26.5833,106.7167,38.5,92,100,1.3,CN,1706476209
451,kijang,35.2442,129.2139,36.37,55,16,4.9,KR,1706476210
452,san borja,-14.8167,-66.85,87.26,65,66,3.74,BO,1706476210
453,vilyuchinsk,52.9306,158.4028,15.93,86,84,7.09,RU,1706476210
454,chardara,41.2547,67.9692,44.56,90,100,6.02,KZ,1706476210
455,cabedelo,-6.9811,-34.8339,84.87,76,100,11.12,BR,1706476211
456,murzuq,25.9155,13.9184,55.18,55,0,9.95,LY,1706476211
457,praia da vitoria,38.7333,-27.0667,54.75,78,100,4.83,PT,1706476211
458,raja,8.4596,25.678,71.24,20,97,4.59,SS,1706476212
459,dawson creek,55.7666,-120.2362,34.0,79,17,12.53,CA,1706476061
460,sovetskiy,61.3614,63.5842,-5.12,100,100,1.01,RU,1706476212
461,thinadhoo,0.5333,72.9333,81.43,72,18,9.71,MV,1706476213
462,yima,34.7381,111.8839,32.88,47,0,1.88,CN,1706476213
463,chios,38.3678,26.1358,48.06,57,40,13.8,GR,1706476213
464,carutapera,-1.195,-46.02,81.32,79,100,8.12,BR,1706476214
465,timimoun,29.2639,0.231,64.76,17,2,12.37,DZ,1706476214
466,berezovo,63.9381,65.0419,-7.94,100,86,5.14,RU,1706476214
467,moose jaw,50.4001,-105.5344,38.03,97,12,11.14,CA,1706476117
468,pantai remis,4.4557,100.6288,76.68,87,38,4.29,MY,1706476092
469,topolovgrad,42.0833,26.3333,35.33,83,68,11.1,BG,1706476215
470,gagarawa,12.4074,9.5277,67.03,21,5,11.07,NG,1706476215
471,khandyga,62.6667,135.6,-47.83,100,100,1.32,RU,1706476215
472,madera,37.1666,-119.8343,77.14,60,70,2.55,US,1706476025
473,lintong,34.378,109.2089,31.78,59,0,3.47,CN,1706476216
474,east ballina,-28.8667,153.5833,80.8,93,100,11.81,AU,1706476216
475,hadibu,12.65,54.0333,76.46,81,80,6.67,YE,1706475673
476,greymouth,-42.4667,171.2,63.32,66,4,4.23,NZ,1706476217
477,dudinka,69.4058,86.1778,9.68,93,100,18.99,RU,1706476217
478,kruisfontein,-34.0033,24.7314,66.99,70,50,7.25,ZA,1706475702
479,bridgewater,44.3835,-64.5155,34.11,93,100,2.17,CA,1706476217
480,nouadhibou,20.931,-17.0347,71.58,40,0,10.36,MR,1706476218
481,new norfolk,-42.7826,147.0587,65.71,74,10,4.09,AU,1706475998
482,yershov,51.3513,48.2766,12.09,93,100,6.42,RU,1706476218
483,inarajan village,13.2736,144.7484,78.94,82,100,18.43,GU,1706476219
484,vasilikon,38.4333,23.6667,44.91,80,75,0.0,GR,1706476219
485,barra de santo antonio,-9.4047,-35.5072,81.68,81,87,8.03,BR,1706476219
486,nili,33.7218,66.1302,34.65,89,25,2.17,AF,1706476219
487,changleng,28.7,115.8167,46.74,58,94,3.02,CN,1706476220
488,chicoana,-25.1009,-65.5331,81.05,60,78,1.1,AR,1706476220
489,santa cruz,-17.8,-63.1667,92.66,52,40,14.97,BO,1706476220
490,katsuura,35.1333,140.3,42.71,62,4,13.38,JP,1706476220
491,yanam,16.7333,82.2167,67.33,80,68,3.09,IN,1706476221
492,novyy oskol,50.7631,37.8691,30.54,96,100,4.61,RU,1706476221
493,adrar,20.5022,-10.0711,64.92,15,0,9.13,MR,1706476221
494,shagonar,51.5333,92.8,-22.0,95,100,1.43,RU,1706476222
495,leesburg,39.1157,-77.5636,45.12,94,100,5.75,US,1706476065
496,choibalsan,48.0667,114.5,-22.09,91,34,3.83,MN,1706476222
497,wolbrom,50.3796,19.7583,35.94,91,63,5.28,PL,1706476222
498,rongelap,11.1635,166.8941,77.74,72,100,12.3,MH,1706475670
499,iskateley,67.6803,53.1512,21.02,94,100,15.01,RU,1706476223
500,patong,7.8961,98.2966,78.94,73,3,19.64,TH,1706476223
501,lorengau,-2.0226,147.2712,80.17,86,100,13.31,PG,1706476223
502,val-d'or,48.1002,-77.7828,27.18,90,100,4.54,CA,1706476014
503,kish,26.5578,54.0194,69.33,41,100,16.31,IR,1706476224
504,longmen,24.9597,118.0889,47.34,85,82,1.74,CN,1706476224
505,midvagur,62.0511,-7.1939,40.03,60,75,26.46,FO,1706476224
506,awjilah,29.1081,21.2869,58.28,61,30,12.95,LY,1706476225
507,sampit,-2.5333,112.95,74.52,98,98,0.6,ID,1706476045
508,williams,52.1415,-122.1445,41.61,96,100,5.46,CA,1706476225
509,muisne,0.6,-80.0333,82.08,79,99,6.55,EC,1706476226
510,rikaze,29.25,88.8833,23.58,36,63,4.32,CN,1706476048
511,warrnambool,-38.3833,142.4833,61.23,84,0,4.79,AU,1706476226
512,ar rass,25.8694,43.4973,55.92,46,100,12.21,SA,1706476227
513,turaif,31.6725,38.6637,44.85,76,40,0.0,SA,1706476227
514,amasra,41.7463,32.3863,35.15,88,46,7.38,TR,1706476228
515,elverum,60.8819,11.5623,34.86,94,100,9.82,NO,1706476228
516,konotop,51.2403,33.2026,22.1,97,99,6.15,UA,1706476228
517,veraval,20.9,70.3667,68.43,59,91,11.21,IN,1706476229
518,uchiza,-8.4592,-76.4633,80.87,92,98,1.03,PE,1706476229
519,usogorsk,63.4106,48.6872,19.67,94,100,8.08,RU,1706476230
520,dongcun,36.7767,121.1597,31.48,59,0,0.92,CN,1706476230
521,kayangel,8.0823,134.7173,81.75,82,100,20.65,PW,1706475676
522,tutoia,-2.7619,-42.2744,82.24,77,62,11.36,BR,1706476230
523,itamaraca,-7.7478,-34.8256,84.25,78,100,8.77,BR,1706476231
524,wotho,10.1657,166.0102,79.16,68,100,14.0,MH,1706476231
525,stephenville,32.2207,-98.2023,65.86,27,0,4.0,US,1706476231
526,qeshm,26.9581,56.2719,62.47,58,100,19.39,IR,1706476232
527,laojunmiao,39.8333,97.7333,20.61,24,4,4.23,CN,1706475664
528,qui nhon,13.7667,109.2333,71.74,88,100,12.21,VN,1706476232
529,vorkuta,67.5,64.0,9.79,91,100,9.57,RU,1706476233
530,mucumpiz,8.4167,-71.1333,68.38,56,56,2.68,VE,1706475951
531,mammoth lakes,37.6485,-118.9721,54.32,42,0,5.75,US,1706476233
532,gidam,18.9833,81.4,60.01,46,75,1.34,IN,1706476234
533,francisco sa,-16.4758,-43.4883,71.1,96,99,8.32,BR,1706476234
534,turkmenbasy,40.0222,52.9552,43.36,71,96,15.12,TM,1706476234
535,burdell,38.158,-122.5653,73.24,69,0,11.5,US,1706476234
536,acarau,-2.8856,-40.12,82.26,79,47,16.91,BR,1706476168
537,haimen,23.1935,116.6142,53.67,82,100,17.36,CN,1706476235
538,zyryanovsk,49.7386,84.2719,-0.51,98,100,0.94,KZ,1706476235
539,touros,-5.1989,-35.4608,81.81,75,100,13.56,BR,1706475701
540,cambui,-22.6122,-46.0575,70.7,83,57,3.89,BR,1706476236
541,petoskey,45.3733,-84.9553,35.91,83,100,7.0,US,1706476236
542,moranbah,-22.0016,148.0466,83.46,68,100,11.07,AU,1706476236
543,talcahuano,-36.7167,-73.1167,62.89,73,27,13.69,CL,1706476237
544,boromo,11.75,-2.9333,77.99,13,40,6.78,BF,1706476237
545,ruidoso,33.3317,-105.673,58.28,21,0,6.91,US,1706476237
546,bereznik,62.8551,42.7072,25.61,93,100,6.44,RU,1706476237
547,zahedan,29.4963,60.8629,50.9,37,31,8.08,IR,1706476238
548,ocos,14.5094,-92.1933,91.58,65,6,13.53,GT,1706476238
549,verkhovazh'ye,60.7472,42.0465,19.15,95,100,7.0,RU,1706476238
550,freetown,8.484,-13.2299,78.62,78,72,6.91,SL,1706476238
551,kyaikto,17.3,97.0167,69.22,90,37,3.51,MM,1706476239
552,natal,-5.795,-35.2094,83.05,69,20,8.05,BR,1706476152
553,poxoreo,-15.8372,-54.3892,93.2,30,56,2.46,BR,1706476239
554,marang,5.2056,103.2059,76.06,89,95,8.99,MY,1706476092
555,rockport,28.0206,-97.0544,68.09,63,0,5.01,US,1706476240
556,salekhard,66.53,66.6019,-9.38,100,100,3.8,RU,1706476240
557,cabugao,17.7931,120.4578,67.23,81,71,5.17,PH,1706476240
558,belle fourche,44.6714,-103.8522,56.71,50,50,11.61,US,1706476212
559,le trait,49.4689,0.8163,45.99,87,74,6.85,FR,1706476241
560,lakhipur,26.0299,90.3041,57.16,63,82,2.82,IN,1706476241
561,ngama,11.7833,17.1667,70.79,17,5,10.02,TD,1706476242
562,wajir,1.7471,40.0573,85.26,47,89,20.2,KE,1706476242
563,clovis,36.8252,-119.7029,77.67,58,40,1.01,US,1706476242
564,el porvenir,13.7617,-87.3458,88.93,27,4,9.4,HN,1706476242
565,lukolela,-1.0605,17.1821,78.6,50,100,3.44,CD,1706476243
566,illizi,26.4833,8.4667,58.57,30,0,5.84,DZ,1706476243
567,puerto aysen,-45.4,-72.7,71.04,29,14,6.35,CL,1706476243
568,pimentel,-6.8367,-79.9342,82.69,61,75,19.57,PE,1706476243
569,callao,-12.0667,-77.15,82.69,61,0,12.66,PE,1706476244
570,nikolayevsk-on-amure,53.1406,140.73,-4.29,100,99,2.19,RU,1706476244
571,thanh hoa,19.8,105.7667,55.26,80,100,0.58,VN,1706476244
572,les cayes,18.2,-73.75,81.12,65,15,7.52,HT,1706476244
573,luganville,-15.5333,167.1667,81.59,78,100,7.47,VU,1706476245
574,kailua-kona,19.6406,-155.9956,83.5,69,20,18.41,US,1706476245
575,inirida,3.8653,-67.9239,87.21,58,96,3.71,CO,1706476245
576,sitka,57.0531,-135.33,51.69,66,100,19.57,US,1706476245
577,chibougamau,49.9168,-74.3659,19.02,93,100,4.61,CA,1706476245
